Compound.Name	DTXSID	Calibration	Clint	Clint.pValue	Fit	AIC	AIC.Null	Clint.1	Clint.10	AIC.Sat	Sat.pValue
Umbelliferone	DTXSID5052626	All Data	81.1	0.773	All Concs	948.26473801762	948.521973963834	81.0444650536262	81.0444650536262	950.264737739165	1
Verapamil	DTXSID9041152	All Data	12.1	2.97e-09	All Concs	7776.98989794433	7796.62513369796	12.1439590183724	12.1439590183724	7778.989932248	1
Bis(4-hydroxyphenyl)methane	DTXSID9022445	All Data	21.2	1.36e-47	All Concs	-241.662820875955	-133.748387085728	25.1959994528616	21.1754703969009	-240.686566545877	1
FD&C Green No. 3	DTXSID3020673	All Data	0	1	All Concs	-201.729781368688	-203.729808303483	0	0	-199.730060316074	1
Bensulfuron-methyl	DTXSID7024164	All Data	0.769	0.00823	All Concs	29.8803397223606	34.6808697620944	0	0	38.680869760528	1
4-Nitrophenol	DTXSID0021834	All Data	0	1	All Concs	838.42043787725	836.420437877131	0	0	840.420437877129	1
Acifluorfen	DTXSID0020022	All Data	0	1	All Concs	-145.5951400806	-147.595140767237	0	0	-143.595140009545	1
Phenol Red sodium salt	DTXSID2044420	All Data	0	1	All Concs	865.207423106392	863.20742310286	0	0	867.20742310289	1
3-Phenoxybenzoic acid	DTXSID1038321	All Data	0	1	All Concs	-385.110171505873	-387.110301669743	0	0	-383.112126185903	1
Tris(2-chloroethyl) phosphate	DTXSID5021411	All Data	0.341	0.14	All Concs	138.627524842563	140.59682726877	0.948598193058715	0.948598193058715	133.709342260868	0.0073124084826537
Clotrimazole	DTXSID7029871	All Data	6.05	9.63e-08	All Concs	320.845249572281	337.001304496717	22.759256917847	5.76505071828878	321.05953555836	1
4-Chloroanulline	DTXSID9020295	All Data	4.41	1	All Concs	800.569722279683	799.159430583158	4.37958459300114	4.37958459300114	802.569415654092	1
Isopropalin	DTXSID8024157	All Data	14.1	2.03e-33	All Concs	179.962241110747	255.239343721434	133.678198231544	13.77834901003	164.982246733886	3.12083712178269e-07
Chlorhexidine diacetate	DTXSID7032345	All Data	2.36	0.000468	All Concs	65.3601527705866	73.0278031235248	2.35958615926363	2.33687252825911	67.3631743665508	1
Diflubenzuron	DTXSID1024049	All Data	4.76	1	All Concs	620.588872777142	619.446863196057	4.78015834892414	4.78015514711229	622.589087620465	1
Chloramben	DTXSID2020262	All Data	0	1	All Concs	37.5811294973946	35.5811294978013	0	0	39.5811294972334	1
Sulfluramid	DTXSID1032646	All Data	3.57	1	All Concs	1369.04901042087	1367.2949739728	44.0956579369008	3.29158035559015	1370.93795651118	1
Catechol	DTXSID3020257	All Data	27.2	3.6e-36	All Concs	-210.862933903245	-129.252106813694	34.659212518631	27.0902214264774	-209.924309018578	1
Apigenin	DTXSID6022391	All Data	35.2	5.47e-39	All Concs	12.6588643590921	100.761222820935	152.988256327289	34.8305209289622	9.93361674034914	0.0655299742590219
Dexamethasone sodium phosphate	DTXSID3047429	All Data	12.7	3.14e-22	All Concs	-115.39199611521	-65.8786793747283	16.6023304938643	12.5854637950527	-113.250655005173	1
FD&C Yellow 6	DTXSID6021456	All Data	6.43	0.000473	All Concs	-195.464814663965	-187.809439659951	1015.34308657753	1015.33274634922	-94.972546246927	1
Nitrofurazone	DTXSID5020944	All Data	3.39	0.000155	All Concs	-143.152985273461	-134.379039641768	4.45447693240698	3.17717150410389	-140.988526843942	1
Acibenzolar-S-methyl	DTXSID1032519	All Data	2100	3.27e-53	All Concs	190.932969440484	311.785370000476	2109.77274746404	2109.74774012234	192.932969442611	1
Triglycidyl isocyanurate	DTXSID4026262	All Data	101	1.93e-65	All Concs	101.900279860185	250.912832181538	261.481338849857	100.426795616488	102.774206117744	1
FR900409	DTXSID2048167	All Data	25.4	6.56e-05	All Concs	-102.52551921104	-92.8929472555291	25.3823609391725	25.3823609391725	-100.525469992743	1
Sodium saccharin hydrate	DTXSID7021992	All Data	4.51	0.00107	All Concs	-74.5417322570015	-67.7062491931005	5.18696392103844	4.37252390769107	-72.6535168520874	1
1-(Hydroxymethyl)-5,5-dimethylhydantoin	DTXSID6035152	All Data	13.5	1.13e-25	All Concs	-240.896657283761	-183.456671697239	1026.39034598242	1026.38709457891	-99.4162851087212	1
Isoproterenol hydrochloride	DTXSID6025486	All Data	4.25	1	All Concs	347.766991040635	346.364973155166	4.44325215311248	4.38428961599919	349.768759194899	1
6-Thioguanine	DTXSID6023652	All Data	5.61	0.00462	All Concs	-60.0094954427286	-54.6314016125457	6.33212015252558	5.56136942487427	-58.0794730338557	1
Famoxadone	DTXSID8034588	All Data	11.1	8.63e-15	All Concs	86.2297928061925	118.613418261203	11.4562650166674	11.1415025501991	88.1752279168792	1
Docusate sodium	DTXSID8022959	All Data	23.8	1.12e-33	All Concs	25.0130645990848	100.883730317606	24.469832768444	23.8385053447192	26.956055408085	1
Aspirin	DTXSID5020108	All Data	9.46	2.74e-10	All Concs	-187.681057062973	-165.664456621353	12.520771229336	9.33121639893903	-185.461344595621	1
Nitrofurantoin	DTXSID7020972	All Data	0	1	All Concs	-6.38459310855707	-8.38459310854223	0	0	-4.38459311217965	1
Pravastatin sodium	DTXSID6047525	All Data	0	1	All Concs	43.3815891694437	41.381589163698	0	0	45.3815891645693	1
Nilutamide	DTXSID3034165	All Data	0	1	All Concs	101.092156983728	99.0921569827096	0	0	103.092156983018	1
Fomesafen	DTXSID7024112	All Data	0	1	All Concs	45.051515859766	43.0515158608438	0.407890767992294	0.386432420200094	46.8534860224403	1
Hydrochlorothiazide	DTXSID2020713	All Data	2.71	0.0286	All Concs	45.5797389722614	49.1334086506312	2.76309470760721	2.69678089039687	47.599967188259	1
Raloxifene hydrochloride	DTXSID1034181	All Data	28.1	9.37e-36	All Concs	128.120201180879	208.776027211999	72.256784931394	27.8100324211711	128.244925020873	1
2-Amino-5-azotoluene	DTXSID1020069	All Data	6.56	4.41e-15	All Concs	-59.1429890934768	-26.0884768987954	6.99905132934837	6.6043229488768	-57.1374356092925	1
Methimazole	DTXSID4020820	All Data	0	1	All Concs	-236.939675725525	-238.939448896456	0	0	-234.949465681011	1
6-Methyl-2-thiouracil	DTXSID2020890	All Data	0	1	All Concs	-201.597891984785	-203.599284194628	0	0	-199.597870059948	1
4-Nitrosodiphenylamine	DTXSID1021031	All Data	1720	2.24e-06	All Concs	29.4754557225076	42.4824225121721	933.67967487255	911.617820081315	31.4754312098607	1
Sulfaquinoxaline	DTXSID8042424	All Data	0	1	All Concs	-116.221138549285	-118.221148095278	0.39131126436425	0.346413593335191	-115.075031671134	1
C.I. Solvent Yellow 14	DTXSID4021135	All Data	3.94	0.000249	All Concs	-16.0903684089139	-7.79414081886218	3.97717332552882	3.92199719068816	-14.1267394119599	1
Enterolactone	DTXSID0048183	All Data	44	9.63e-57	All Concs	-117.181060065079	11.8015123906308	49.9690360262966	43.9706082270345	-117.141528585076	1
Oleyl sarcosine	DTXSID5042243	All Data	31	2.4e-39	All Concs	-37.9192373576091	51.0041102585648	33.0392232480921	30.9600449315138	-36.2621590460852	1
Auramine hydrochloride	DTXSID9020114	All Data	8.31	1.97e-17	All Concs	222.709872670753	261.174018402516	9.80521142860412	8.26497291956445	224.807881825497	1
Chlorophacinone	DTXSID2032348	All Data	0	1	All Concs	-60.4947221243388	-62.4947220839097	0	0	-58.4947224540011	1
4-Propylanilline	DTXSID5048180	All Data	14.9	0.0339	All Concs	480.589973790164	483.974116160956	15.6922269300157	14.9271418679034	482.585313423982	1
Laurocapram	DTXSID0042086	All Data	27.9	1.68e-11	All Concs	208.985941098342	233.792693761955	55.9132913257733	27.5780787271958	210.850209127726	1
3,3'-Dimethylbenzidine dihydrochloride	DTXSID6020511	All Data	9.94	4.39e-25	All Concs	70.6787021236041	126.763621514975	11.3924349334992	9.87278501822437	71.7247496939644	1
Fluorescein	DTXSID0038887	All Data	0	1	All Concs	113.987995843612	111.9879958436	0	0	115.987995843609	1
Triphenylphosphine oxide	DTXSID2022121	All Data	0	1	All Concs	361.956976268104	359.956976268104	0	0	363.956976268133	1
2-Mercaptobenzimidazole	DTXSID9025536	All Data	0	1	All Concs	-53.4492865954608	-55.4492862164264	0	0	-51.4492862146285	1
Cyclophosphamide monohydrate	DTXSID6024888	All Data	0	1	All Concs	-117.215476250401	-119.215474571773	0	0	-115.215477434227	1
Monotridecyl phosphate	DTXSID0042169	All Data	20.2	3.46e-36	All Concs	-108.974994408346	-27.3225209007152	21.9918663687713	20.1659246863057	-107.075777088673	1
Resveratrol	DTXSID4031980	All Data	26.5	7.41e-29	All Concs	-149.588253898394	-84.8167479472407	194.043760515527	26.2227598308167	-151.772186057609	0.112597906116792
Nootkatone	DTXSID8047050	All Data	80.6	5.29e-69	All Concs	33.4482762549233	190.660865907451	194.627218215555	79.9120302262802	26.7302991680536	0.00120898140630308
C.I. Basic Red 9 monohydrochloride	DTXSID1021247	All Data	0	1	All Concs	254.241033865368	252.241033871229	0	0	256.241033867551	1
(-)-Epigallocatechin gallate	DTXSID1029889	All Data	1050	1	All Concs	-286.248315569941	-336.087482804498	1048.84802836799	1046.32938787797	-284.312235209655	1
Sodium 2-mercaptobenzothiolate	DTXSID1026035	All Data	26.7	4.06e-55	All Concs	-147.765464365939	-22.5254455019299	59.4707197155282	26.4483937774069	-151.980134133344	0.0147772008748208
2-Chloro-N-phenylacetamide	DTXSID3041409	All Data	37.5	5.15e-71	All Concs	-233.765870840291	-71.9219344394844	50.6042130087072	37.3496792613089	-231.416118072823	1
N-Phenyl-1-naphthylamine	DTXSID2025892	All Data	9.34	0.000654	All Concs	48.05839145274	55.3901427553243	9.54184571909683	9.4702273119214	50.0533612982364	1
Fenuron	DTXSID7037551	All Data	3.4	1.15e-17	All Concs	-9.42883606097889	29.5754574818934	3.57301000451039	3.37799479087316	-7.24162465466598	1
Tributyltetradecylphosphonium chloride	DTXSID9034997	All Data	0	1	All Concs	-64.8056105198848	-66.8056105090769	0	0	-62.8056104753921	1
Methylene blue	DTXSID0023296	All Data	7.16	5.06e-36	All Concs	-106.526860055538	-25.2559283082134	8.55860399072827	7.09002718081327	-103.714299225849	1
4-Butylaniline	DTXSID8021856	All Data	7.01	2e-19	All Concs	-178.582828646377	-135.525657313923	17.8399847148054	6.75522933214235	-178.978780863734	0.673038854744438
4-tert-Butylaniline	DTXSID0048181	All Data	8.97	5.32e-42	All Concs	-197.508899558561	-102.472729358059	12.5157038694194	8.86594466662075	-197.798075663485	0.748880312279062
4-Butyloxyaniline	DTXSID4048199	All Data	12.2	1.17e-44	All Concs	-103.572624222851	-2.41612110886395	14.3619245161656	12.1225059695805	-104.95688294854	0.250509427185995
3,5-Dichloroaniline	DTXSID7030307	All Data	31.4	2.57e-55	All Concs	71.0597433537615	196.757868371369	32.3695020965661	31.4244594465001	72.5111531594058	1
4-Ethoxyaniline	DTXSID0025864	All Data	13.4	1.68e-46	All Concs	-49.4611929543298	55.9403901959554	13.8525370822793	13.3868005009516	-48.0138393950937	1
Leucomalachite green	DTXSID7031531	All Data	4.63	9.09e-18	All Concs	-94.3170463091103	-55.0780237234267	5.38471729468652	4.75420534664035	-92.4290187179166	1
Phenothiazine	DTXSID5021126	All Data	0	1	All Concs	-81.9084732483957	-83.9084733595236	0	0	-79.9084732606668	1
Diphenyl phthalate	DTXSID3021778	All Data	2290	1.25e-82	All Concs	-25.7584373737816	162.828682542974	2287.07019253299	2286.08430353096	-23.7584373727176	1
4-Methylbenzophenone	DTXSID9037741	All Data	60.1	1.95e-46	All Concs	36.3615156611447	141.61463904323	179.950907467924	59.571671367544	35.0896982460825	0.28032169767125
2-Ethyl-3-hydroxy-4H-pyran-4-one	DTXSID5041516	All Data	38.9	1.62e-75	All Concs	-148.289443580038	23.9190415533861	100.960650858625	38.6229117673843	-180.079958516304	1.56154601481916e-14
Pebulate	DTXSID8021199	All Data	50.1	1.38e-27	All Concs	60.1635601483438	122.014692974851	228.478403177016	49.3018246715015	60.1209836857115	0.958317187264772
Morin hydrate	DTXSID3040776	All Data	0	1	All Concs	5.85692467080091	3.85692467953027	0	0	7.85692467180045	1
3-Iodo-2-propynyl-N-butylcarbamate	DTXSID0028038	All Data	1760	1.31e-52	All Concs	-125.757266697888	-6.29200882875787	695.913156197808	631.240367401923	-123.855027211156	1
Sulfamethazine	DTXSID6021290	All Data	0	1	All Concs	80.0857143754347	78.0857143755671	0	0	82.0857143792124	1
4-Anilinophenol	DTXSID5037739	All Data	44.5	7.92e-49	All Concs	6.95556059884071	117.712830527751	170.844729548553	44.0598108236285	2.04058868074544	0.00733592389623702
4-Aminobenzoic acid	DTXSID6024466	All Data	0	1	All Concs	-86.6359730915461	-88.6359715612489	0	0	-84.6359721478339	1
3-Chloro-4-methylaniline	DTXSID0020286	All Data	22.2	1.36e-26	All Concs	118.754227686564	178.313691100383	92.8286012624606	21.8725719916928	117.296588524032	0.23278519452886
Aniline hydrochloride	DTXSID3020091	All Data	4.35	2.45e-17	All Concs	-268.581491474727	-230.333786066971	1052.76355823869	1052.72083379879	-72.8739299452267	1
Apomorphine hydrochloride hydrate	DTXSID0048185	All Data	8.08	7.28e-06	All Concs	-27.9749206985289	-16.1446193134179	8.32496708044907	8.06637432219897	-26.0052026210005	1
3,5,3'-Triiodothyronine	DTXSID8023216	All Data	3.44	0.0014	All Concs	-81.4548929062996	-74.8810379297554	3.77932474838399	3.42382219835221	-79.5482656873904	1
Levothyroxine	DTXSID8023214	All Data	0	1	All Concs	-109.798459303875	-111.798460136507	0	0	-107.798464931809	1
3,3'-Dimethoxybenzidine dihydrochloride	DTXSID1020485	All Data	4.11	2.07e-09	All Concs	3.10622802243529	23.0996902677116	4.34182009931454	4.16639650584832	5.00768096927538	1
Minocycline hydrochloride	DTXSID8044545	All Data	0	1	All Concs	-41.7580003745285	-43.758000231318	0	0	-39.7580002465179	1
Dodecyltrimethylammonium chloride	DTXSID1026900	All Data	13.9	1.64e-29	All Concs	-29.9712863346547	36.3063592478226	14.2198159993399	14.0150440380949	-27.9103478095882	1
Amiodarone hydrochloride	DTXSID7037185	All Data	6.48	1	All Concs	175.214603089161	175.028602672942	6.46512807157524	6.46512807157524	177.214429125268	1
Folic acid	DTXSID0022519	All Data	0	1	All Concs	602.244989914782	600.244989914822	0	0	604.244989920148	1
Diclofenac sodium	DTXSID3037208	All Data	30.8	4.22e-49	All Concs	231.530870486901	342.916745760871	29.9904103807129	29.9904103807129	234.604547699133	1
Bispyribac-sodium	DTXSID7034383	All Data	0	1	All Concs	428.893413639153	426.893413639043	0	0	430.893413639043	1
Methotrexate	DTXSID4020822	All Data	0	1	All Concs	442.689855738351	440.689855738349	0	0	444.689855740683	1
Hydramethylnon	DTXSID6023868	All Data	5.85	0.0032	All Concs	288.328271103898	294.073996721305	7.44812188201276	5.46051888054497	291.152722651446	1
Chlorpromazine hydrochloride	DTXSID7024827	All Data	4.98	0.0578	All Concs	357.974268580715	360.824807131657	0	0	364.824807132235	1
Mifepristone	DTXSID5023322	All Data	6.75	7.76e-22	All Concs	279.356554909596	327.964546758178	50.5009736127017	6.45331355314053	260.244774454015	5.0102478321382e-09
Azathioprine	DTXSID4020119	All Data	0	1	All Concs	368.026564331496	366.026564334271	9.83394872991364	0.93746858169088	369.627349252772	1
Pioglitazone hydrochloride	DTXSID3044203	All Data	9.63	8.7e-22	All Concs	394.886475936149	443.380112624823	10447.2676357717	2.53044386568839	443.581653433644	1
Cyclopamine	DTXSID6043709	All Data	6.31	3.52e-22	All Concs	225.267524551283	274.667109912486	6.80267582145899	6.24277599101828	226.566267128069	1
Bisphenol E	DTXSID3047891	All Data	22	1.54e-36	All Concs	13.0703219610613	95.5288090068269	47.6457971989182	21.7567768970525	12.9265000438717	0.866041961513869
Oxyphenisatin	DTXSID5044528	All Data	5.35	1	All Concs	213.302889787571	212.689441981947	5.5357078729439	5.35139364826142	215.301598914771	1
Diazinon	DTXSID9020407	All Data	15.4	1.2e-05	All Concs	389.236251464832	400.563734568494	15.4785077421194	15.4276866083258	391.236238515564	1
Bromocresol green sodium salt	DTXSID3044704	All Data	0	1	All Concs	-210.347235177542	-212.345670233743	0	0	-208.346157754118	1
2-Hydroxy-4-methoxybenzophenone	DTXSID3022405	All Data	35.6	3.69e-33	All Concs	-83.1972123630431	-8.51753913264814	38.7544973054893	35.5019779685801	-81.2326049401629	1
Lindane	DTXSID2020686	All Data	5.77	1	All Concs	-27.746904398106	-27.9268481641123	8.81771075362503	5.41878724785511	-25.5394123564111	1
Diphenolic acid	DTXSID0022436	All Data	3.13	7.39e-09	All Concs	-257.387366372968	-238.664895688417	10.9910688765489	2.80834048684452	-260.388594354439	0.0497259682929422
4,4'-Sulfonyldiphenol	DTXSID3022409	All Data	4.95	1.49e-15	All Concs	-119.800587198316	-85.6608260977779	5.03890442858367	4.91571487898275	-117.677457103588	1
2,2',6,6'-Tetrachlorobisphenol A	DTXSID3021770	All Data	27.5	5.14e-34	All Concs	-95.8576518342734	-19.2059797200858	31.803534444003	27.4862069620833	-93.7602704573056	1
Sulisobenzone	DTXSID2042436	All Data	0	1	All Concs	-122.861053997654	-124.861068344479	0.549135182544778	0.520552652836749	-133.427393774107	0.000190411044658713
Bisphenol F	DTXSID4022446	All Data	46.9	1.7e-46	All Concs	-4.08474307077842	101.301058769735	70.7227256756006	46.6966772514002	-2.71601021675936	1
Tamoxifen	DTXSID1034187	All Data	2.78	0.65	All Concs	236.231022387403	236.661982689868	3.33846517340223	2.54553859764233	238.451418345468	1
2,4-Dihydroxybenzophenone	DTXSID8022406	All Data	36.5	6.36e-32	All Concs	203.213395054624	275.046468913426	76.925020524209	36.1958728683158	204.766191167797	1
Tetrabromophenolphthalein ethyl ester	DTXSID5044520	All Data	2.6	5.61e-05	All Concs	-202.60210874164	-192.812884072136	3.4126907093105	2.44528707800261	-199.68617392371	1
Tolcapone	DTXSID3023685	All Data	11.2	2.06e-40	All Concs	-143.645350402476	-52.2634309057682	12.4383850035884	11.122872590556	-142.554961119442	1
3,3',5,5'-Tetrabromobisphenol A	DTXSID1026081	All Data	19.3	0.000222	All Concs	75.6773916414657	84.0923342036835	21.6800234839254	19.3065264228348	77.6140686735664	1
Monomethyl phthalate	DTXSID9040001	All Data	6.23	1	All Concs	-23.3973286701984	-23.8209545843189	9.4413016541679	6.20352767815526	-21.4299704695999	1
4,4'-(9H-Fluorene-9,9-diyl)diphenol	DTXSID5037731	All Data	30.6	1.06e-55	All Concs	-154.772494072727	-28.1914710642167	129.801240411917	30.3220031804868	-167.684669105441	2.467820877104e-06
2,4-Bis(1-methyl-1-phenylethyl)phenol	DTXSID7029241	All Data	47.7	6.71e-18	All Concs	-98.7636658651342	-59.2209522821019	47.7095144595995	47.7095144595995	NA	NA
Bromophenol blue	DTXSID6041682	All Data	0	1	All Concs	-38.3016364957466	-40.3016369766266	0	0	NA	NA
Norgestrel	DTXSID3036496	All Data	16.3	1.92e-20	All Concs	-65.9285992974648	-20.5314464794208	16.9206195379453	16.3613468308592	-63.8462881397303	1
Coumaphos	DTXSID2020347	All Data	12.6	0.31	All Concs	312.53223685816	313.702282251492	205.285946709284	12.2385486575404	314.193595083713	1
Pirimiphos-methyl	DTXSID0024266	All Data	44	2.34e-08	All Concs	340.326705264143	357.898588540953	95.0631997390083	43.6317825470479	342.253832484484	1
2-[4-(Diethylamino)-2-hydroxybenzoyl]benzoic acid	DTXSID4027604	All Data	1.53	3.75e-14	All Concs	38.613557842098	69.5287578335815	1.07350010254033	1.07350010254033	45.0507545237708	1
2,4,4'-Trihydroxybenzophenone	DTXSID8044836	All Data	19.8	4.35e-31	All Concs	-103.220666830433	-33.3098608226401	26.1478285873903	19.7475063201654	-102.352046036216	1
Phenolphthalin	DTXSID5022439	All Data	3.07	3.18e-22	All Concs	-163.907100828594	-114.407667988677	3.46744390775428	3.08994022891624	-162.472514294969	1
Phenol red	DTXSID8022408	All Data	973	1	All Concs	99.3196790051625	96.9434029637347	980.194292442462	980.188032717993	101.319685537677	1
2-(4-Hydroxybenzyl)phenol	DTXSID2044890	All Data	1070	2.28e-07	All Concs	-317.784049590806	-302.491571945371	1071.08489241169	1068.87755313763	-317.095400144085	1
meso-Hexestrol	DTXSID2022381	All Data	13	0.403	All Concs	-139.250061860055	-138.340394854922	17.7028308267509	12.9647005708751	-137.287186215506	1
MEHP	DTXSID2025680	All Data	6.56	1	All Concs	87.5047394964193	86.946850292732	7.24933339035747	6.52783828556114	89.5149258209311	1
Exifone	DTXSID9044950	All Data	1030	2.76e-46	All Concs	-199.977092093391	-95.0725480855783	1133.05448201631	1133.04828745655	-197.95819812696	1
2,3,4-Trihydroxbenzophenone	DTXSID6037728	All Data	46.1	2.47e-68	All Concs	-217.279350319231	-61.6072328522918	118.6347288292	45.8500454533242	-230.742567472456	1.42232577962845e-06
p-Xylenol blue	DTXSID8026303	All Data	0	1	All Concs	113.686737325353	111.686737325343	0	0	115.686737325463	1
4,4'-(Isopropylidenebis(4,1-phenyleneoxy))dianiline	DTXSID5051650	All Data	0	1	All Concs	505.360893088619	503.36089309022	0	0	507.360893088619	1
Dichlorophen	DTXSID6021824	All Data	47.6	9.68e-06	All Concs	271.300807934283	282.846447813169	47.5684730275598	47.5684730275598	273.300808565116	1
Chlorotrianisene	DTXSID1021299	All Data	10.8	1	All Concs	347.194317496123	346.903327614963	0	0	350.903327616471	1
3-Dimethylaminophenol	DTXSID0025101	All Data	20.5	0.0267	All Concs	173.682938876526	177.30592755198	20.4598520770099	20.4598520770099	175.682830461119	1
2,2'-Methylenebis(ethyl-6-tert-butylphenol)	DTXSID7038864	All Data	4.75	1	All Concs	610.480560819964	608.524643810404	4.7264475321083	4.7264475321083	612.48055171701	1
Equilin	DTXSID7047433	All Data	11.7	2.83e-10	All Concs	29.5501088226879	51.5353511522548	12.5120345932279	11.7527172036996	31.5887804452531	1
Triclosan	DTXSID5032498	All Data	22.2	3.09e-11	All Concs	54.1811792687086	78.3822098836402	23.0096627509439	22.2549749077262	56.1608987723775	1
Bisphenol A	DTXSID7020182	All Data	16.2	1.79e-19	All Concs	98.4055197109923	141.571179033907	16.4641506800534	16.2365292335476	100.399008972516	1
Chlorothalonil	DTXSID0020319	All Data	1040	1	All Concs	-210.026258461394	-258.30918974813	1031.5872547771	1028.72797337131	-208.026522617149	1
Octrizole	DTXSID9027522	All Data	6.49	7.65e-11	All Concs	50.0739091376289	73.3681009938484	6.72621055473171	6.4887587700257	52.1118817495916	1
p,p'-DDT	DTXSID4020375	All Data	15.5	1.78e-14	All Concs	-47.380418910785	-15.7207876349143	18.2336575133608	15.4364698390827	-45.175328475054	1
17alpha-Ethinylestradiol	DTXSID5020576	All Data	13.5	2.79e-06	All Concs	46.5653443013535	59.3536893618594	14.0437934044043	13.471147656123	48.5812801104002	1
4-Cumylphenol	DTXSID3022536	All Data	26.6	4.67e-19	All Concs	83.0397135824791	125.247900452597	27.9513268049522	26.557826335079	85.03359029328	1
4-Hydroxytamoxifen	DTXSID3037094	All Data	17.8	9.98e-32	All Concs	236.420160549508	307.802766263452	150.901706926979	17.5040510162057	227.568319585414	0.00014311801846997
17beta-Trenbolone	DTXSID0034192	All Data	27.5	1.05e-46	All Concs	-64.0955398613735	41.7719436622462	92.2981686499206	27.1736026516693	-70.4815987125632	0.00168488350984699
5alpha-Dihydrotestosterone	DTXSID9022364	All Data	34.9	7.1e-37	All Concs	-68.7375448121846	14.498116630676	139.400005236078	34.4833809284162	-70.8637220787209	0.119292446561821
Profenofos	DTXSID3032464	All Data	24.8	1.16e-27	All Concs	62.8793502204522	124.898058975009	324.912820959695	24.4412686860211	56.7424457500478	0.0021616045833619
Trichlorfon	DTXSID0021389	All Data	47	2.47e-50	All Concs	-24.923778298379	89.3014652119074	162.872531117615	46.596209863018	-29.0012667915814	0.0169499822356176
5HPP-33	DTXSID1046970	All Data	25.4	7.93e-08	All Concs	698.594389717197	714.944205953523	5702.02907015324	25.3955568352123	700.903770757307	1
Fenoxaprop-P-ethyl	DTXSID2034598	All Data	2150	1.01e-27	All Concs	120.025114154129	182.180536962911	2151.5071035601	2146.95961662801	122.025114130666	1
Basic Blue 7	DTXSID5038888	All Data	3.65	8.59e-15	All Concs	409.098836785783	441.487454169049	9.29236297986899	3.51550882865867	411.002959652533	1
Trinexapac-ethyl	DTXSID9032535	All Data	5.04	8.58e-39	All Concs	-17.4194330380288	70.2317564659191	7.54913472080951	4.84327216378893	-13.9452391598952	1
Clodinafop-propargyl	DTXSID6032354	All Data	963	5.52e-18	All Concs	804.245261587634	843.984244045316	962.823105741031	962.823105741031	806.24526158765	1
Dipropyl pyridine-2,5-dicarboxylate	DTXSID8032544	All Data	746	4.27e-81	All Concs	119.546341639761	304.603129877773	746.146239030315	746.146239030315	121.546341642659	1
Azamethiphos	DTXSID9034818	All Data	1650	5.74e-40	All Concs	-46.3426737454042	44.0135458451233	1651.24218945547	1651.24218945547	NA	NA
4,4'-Methylenedianiline	DTXSID6022422	All Data	3.67	8.02e-09	All Concs	112.604953959708	131.246252850949	3.79517346175471	3.73800079577412	114.602396286778	1
Daminozide	DTXSID9020370	All Data	2.19	3.67e-08	All Concs	-146.90999501571	-129.789921108607	2.3352049169409	2.16817246531232	-145.265527013844	1
Difenoconazole	DTXSID4032372	All Data	8.1	9.51e-09	All Concs	265.75963524297	284.230652985595	71.7479343813723	7.81888910399631	263.93122077733	0.160668110738804
Propiconazole	DTXSID8024280	All Data	4.54	2.76e-10	All Concs	198.990787562345	221.002144213947	5.30799387747838	4.5761833511665	200.096003633561	1
Fluazifop-butyl	DTXSID3034612	All Data	509	2.61e-111	All Concs	366.270477500583	620.896927173887	753.72168494275	508.104579573054	368.259045983541	1
Chlorpyrifos oxon	DTXSID1038666	All Data	28.3	1.15e-43	All Concs	43.8474746453624	142.719947048272	116.186689380909	27.9374953033802	37.295950481891	0.00142793752864188
Thiram	DTXSID5021332	All Data	1830	4.78e-45	All Concs	-99.1208809741411	2.93050828509838	1310.19703713237	1306.08013340581	-97.1290769661436	1
Triflumizole	DTXSID2032500	All Data	13.7	7.06e-26	All Concs	104.223718246024	162.136160507766	78.2262040145324	13.3967655180987	99.0974676671466	0.00593878579049416
Methomyl	DTXSID1022267	All Data	3.32	6.99e-14	All Concs	-29.444713313339	0.846291375993324	3.5715281984818	3.39985207526992	-27.2262801874308	1
Mevinphos	DTXSID7042481	All Data	5.32	9.55e-18	All Concs	57.8546368041546	97.0446894012321	5.60507954490481	5.26894943035498	59.5371109345022	1
Trifloxystrobin	DTXSID4032580	All Data	168	1.6e-11	All Concs	845.939346540216	870.797337075907	0	0	874.797337075949	1
Carfentrazone-ethyl	DTXSID4032532	All Data	982	9e-53	All Concs	-260.705628749724	-140.865732098959	912.414445811536	912.32807869796	-258.647328537439	1
Thiodicarb	DTXSID0032578	All Data	2230	2.69e-37	All Concs	7.68638529164166	91.8927313195682	2231.78424849863	2231.78424849863	NA	NA
Isoxaben	DTXSID8024159	All Data	8.81	2.62e-18	All Concs	207.888435090104	248.370625002797	23.1527993425275	8.92588056157248	207.955058585188	1
Fenbuconazole	DTXSID8032548	All Data	2.53	1	All Concs	186.682884495159	176.014357185423	4.34093590890527	3.9365435003432	165.786400134866	3.61455378761274e-05
Asulam	DTXSID8023890	All Data	2.56	3.09e-13	All Concs	-127.972525691206	-99.1672267776257	2.64577243169911	2.58405286164941	-125.88958572445	1
Warfarin	DTXSID5023742	All Data	0	1	All Concs	631.051647179067	629.051647155639	0	0	633.051647168464	1
Flumiclorac-pentyl	DTXSID2032554	All Data	392	1.72e-63	All Concs	-85.287706525452	59.233392356634	665.866220426682	390.780833451785	-83.3560969051008	1
Pyrithiobac-sodium	DTXSID8032673	All Data	1.27	1.39e-09	All Concs	162.879017866105	183.274669404632	1.70324259834157	1.68113849250468	162.577418904491	0.739634627295787
Diquat dibromide monohydrate	DTXSID7031248	All Data	0	1	All Concs	166.21620543781	164.216205369773	0	0	168.216205358852	1
Flufenpyr-ethyl	DTXSID3034618	All Data	558	1.64e-78	All Concs	458.023468649895	637.128643210224	558.91925302359	558.376183157669	460.023468153247	1
17alpha-Estradiol	DTXSID8022377	All Data	24.3	3.88e-34	All Concs	-154.626170467017	-77.6949763222101	32.556522596613	24.2354071888826	-154.478865645554	1
SB236057A	DTXSID5047320	All Data	2.15	0.00243	All Concs	233.488866026228	239.508377558236	2.34665452074941	2.21079574679255	235.32544579261	1
Tamoxifen citrate	DTXSID8021301	All Data	5.32	2.43e-17	All Concs	763.091366882638	801.348456056562	5.50158886200892	5.33533653714239	765.022025130686	1
C8-18-Alkydimethylbenzyl ammonium chlorides	DTXSID1048122	All Data	10.1	1.01e-22	All Concs	360.89087173368	411.539325331354	190.530062583439	9.88045102091762	337.08564014386	4.58690008475443e-11
Spirodiclofen	DTXSID6034928	All Data	31.4	5.82e-40	All Concs	206.584251711659	296.926741359407	299.566040700825	30.9987790772921	196.764908911011	5.43893170769846e-05
Monocrotophos	DTXSID9034816	All Data	0.328	0.00423	All Concs	44.6902381625609	50.1547647000323	1.06748126963878	1.06748124841902	35.9580694905483	0.000161312243266978
Fenpyroximate (Z,E)	DTXSID2032550	All Data	8.42	6.58e-07	All Concs	845.254267554024	859.487908235959	2364.63646652739	8.20933207036425	852.313133117117	1
Fulvestrant	DTXSID4022369	All Data	3.8	1.66e-31	All Concs	120.948789495493	191.823869718542	4.02865404769193	3.81697408402549	122.796327246683	1
Denatonium saccharide	DTXSID9034361	All Data	0	1	All Concs	304.021813217404	302.021813219384	663.700820376257	1.15525605424682	284.388633965383	2.19789808982941e-08
Cyfluthrin	DTXSID5035957	All Data	14.4	3.15e-22	All Concs	-193.853385541293	-144.343764050102	1068.33547633844	1068.33340834441	-68.4976226190558	1
Propoxycarbazone-sodium	DTXSID9034864	All Data	0	1	All Concs	151.321835708868	149.321835706312	0	0	153.321835706326	1
Malaoxon	DTXSID9020790	All Data	19.4	6.08e-42	All Concs	120.572920738289	215.475927171912	173.323489091	19.1368340912635	92.0960702279706	4.29201233452195e-13
Nicotine	DTXSID1020930	All Data	5.03	1.46e-07	All Concs	18.0234992464938	33.7626084710138	5.17738789051858	4.97247620520349	19.8402058433409	1
N,N,N-Trimethyl(oxiran-2-yl)methanaminium chloride	DTXSID1044643	All Data	0	1	All Concs	-93.7434151511023	-95.7434158656647	0	0	-91.7434159876403	1
S-Bioallethrin	DTXSID2039336	All Data	17.2	2.01e-28	All Concs	35.5712149538466	99.3475263466308	17.6942015919041	17.195922334972	37.4180734832064	1
Fluthiacet-methyl	DTXSID2032556	All Data	2290	1.48e-71	All Concs	9.19571548364218	172.28989245056	2294.88978607476	2293.61221136018	11.1957154658795	1
Darbufelone mesylate	DTXSID0047246	All Data	0.201	1	All Concs	234.209916737447	232.749086132277	0.981147384518319	0.705842096906041	235.219156912039	1
CJ-013610	DTXSID2047272	All Data	0.678	0.903	All Concs	305.977299679949	306.078983033297	11156.2284485176	0	288.853071702739	3.65630387430626e-08
SSR241586	DTXSID7047354	All Data	1.54	0.127	All Concs	241.536131703681	243.598716546425	0	0	247.59871654378	1
Quercetin	DTXSID4021218	All Data	41.7	7.11e-47	All Concs	60.5996200749862	166.859695386377	42.4293152772427	41.7295474680237	62.3957155175562	1
Testosterone propionate	DTXSID9036515	All Data	364	1.8e-29	All Concs	389.542920696063	455.731794043677	779.341913507511	362.245603382163	391.536543374644	1
17beta-Estradiol	DTXSID0020573	All Data	22.1	1.26e-40	All Concs	-175.21672492288	-83.3449304893246	29.9797596345667	22.1372287286954	-177.371703400386	0.115905685165414
Daidzein	DTXSID9022310	All Data	17.4	8.65e-34	All Concs	148.426549047815	224.557215024262	40.2249973071295	17.1838837320537	149.541040373709	1
Norethindrone	DTXSID9023380	All Data	5.1	0.352	All Concs	286.824048927675	287.867188646161	5.18250103857197	5.09949365018511	288.819289051258	1
Cyazofamid	DTXSID9034492	All Data	11.1	3.74e-09	All Concs	-128.099697164381	-108.696627661082	15.3006161898204	11.0481895985304	-126.508018109008	1
2,5-Di-tert-butylbenzene-1,4-diol	DTXSID8041248	All Data	22.2	1.11e-18	All Concs	-81.9058143707262	-40.566369985031	22.2380330355741	22.2380330355741	NA	NA
Methamidophos	DTXSID6024177	All Data	0	1	All Concs	-188.359524257116	-190.35950117291	2.27806465962073	1.79698408483265	-188.39688795298	1
Endothal	DTXSID7024081	All Data	0	1	All Concs	0.075634088594029	-1.92436591141412	0	0	2.07563408859595	1
Picloram	DTXSID1021160	All Data	0	1	All Concs	149.35339265545	147.35339265546	0.759763215179855	0.741849375463192	151.033560826066	1
Bisphenol AF	DTXSID7037717	All Data	28	1.55e-28	All Concs	642.209254616908	706.241226243757	135.980193589523	27.6507065655766	642.511731721344	1
4,4',4''-Ethane-1,1,1-triyltriphenol	DTXSID2037712	All Data	11.4	1.81e-22	All Concs	-71.3486014569966	-21.2828492272873	11.5030731696898	11.318123374961	-69.4857456418745	1
Diethylstilbestrol	DTXSID3020465	All Data	12.5	5.86e-35	All Concs	-92.4386710093534	-13.6162102509754	12.522889945685	12.4142701036301	-90.5455028828865	1
Hexachlorocyclopentadiene	DTXSID2020688	All Data	0	1	All Concs	-100.308225974031	-102.308226408892	0.755888593404463	0.74335558511684	-102.038537697964	1
Estrone	DTXSID4022367	All Data	3.13	2e-06	All Concs	-36.3609937871249	-23.2402256316063	3.23798184684269	3.1280873160325	-34.4653270043776	1
17-Methyltestosterone	DTXSID1033664	All Data	10.4	1.26e-17	All Concs	338.824415912289	377.737605016939	10.5179491780818	10.475244693532	340.881402817123	1
Butyl benzyl phthalate	DTXSID3020205	All Data	318	2.29e-66	All Concs	75.7485931941985	226.892747950565	318.334143177417	318.334143177417	77.7485932347351	1
Maleic hydrazide	DTXSID9020792	All Data	1010	1	All Concs	-41.8353259233251	-62.3240670534511	1008.06847309933	1008.06847309933	NA	NA
Clopyralid	DTXSID9029221	All Data	3.73	3.5e-07	All Concs	32.2568669222341	47.1218733979898	3.75043911154741	3.61700112517698	34.110665340423	1
Tralkoxydim	DTXSID1034973	All Data	2.62	5.42e-06	All Concs	201.180691171466	213.306254980172	3.07233514576213	2.68970985546079	202.946558574179	1
Clopyralid-olamine	DTXSID6034265	All Data	0.49	1	All Concs	63.7434137448676	62.3511812029111	0.50388087098183	0.497098123973814	65.7335618203834	1
2-Chloro-4-phenylphenol	DTXSID0022353	All Data	3.37	1	All Concs	957.705647433668	955.505055168139	0	0	959.505055169006	1
2,2',4,4'-Tetrahydroxybenzophenone	DTXSID5041306	All Data	17.4	0.000263	All Concs	401.475572423761	409.719436367961	21.2635660598465	17.3807729850196	403.417132021231	1
Pyraflufen-ethyl	DTXSID8034871	All Data	27.8	0.00278	All Concs	-37.0335762936248	-31.147044099904	27.7893974430063	27.7893974430063	NA	NA
7-Hydroxy-4-trifluoromethylcoumarin	DTXSID80206109	All Data	150	1.68e-14	All Concs	1532.19249195332	1563.90911583498	150.07644115263	150.07644115263	NA	NA
Melengestrol acetate	DTXSID5048184	All Data	11.4	2.24e-10	All Concs	204.869258201523	227.090059627811	15.551201400757	12.9087415790214	201.420487507705	0.0317846854818482
Hydroxyprogesterone caproate	DTXSID6043915	All Data	42.8	1.28e-32	All Concs	187.834267192073	261.267615477974	197.817094441212	42.3620831617565	187.114034707235	0.486639106594061
Theobromine	DTXSID9026132	All Data	7.26	0.0622	All Concs	97.256650910947	100.034578797188	7.23382684136238	7.06580365284291	99.2528462029808	1
2-Aminoanthraquinone	DTXSID6020068	All Data	13.9	1.31e-33	All Concs	130.345644728937	206.060227119391	20.5115886099008	13.9411660081134	129.942337632065	0.66810689427898
Piragliatin	DTXSID3048520	All Data	6.7	2.35e-31	All Concs	-50.4749503708255	20.0523845940345	6.94584833702711	6.70679087919313	-48.2366624035711	1
4-Hydroxy-3-methoxybenzaldehyde	DTXSID0021969	All Data	152	1.01e-73	All Concs	-15.0305640668676	153.045851925643	258.094433148837	151.098900417894	-15.2036340838054	0.841078723026258
Pyridoxine	DTXSID4023541	All Data	0	1	All Concs	77.4319029968811	75.4319029967598	0	0	79.4319029988628	1
Acetyl tributyl citrate	DTXSID2026446	All Data	249	2.67e-84	All Concs	61.8257654747526	254.262202888717	397.35110326551	248.222133190609	62.6613753215039	1
Eosin	DTXSID0025234	All Data	0	1	All Concs	-71.7639315037863	-73.7639314960478	0	0	-69.7639315207654	1
Carabersat	DTXSID6047319	All Data	1.9	1	All Concs	526.68110682549	526.217060349201	2.29694070257189	2.29694070257189	528.502911329407	1
Fenoxaprop-(2S)-ethyl	DTXSID0040755	All Data	2080	4.14e-77	All Concs	24.8205783481419	200.69919138656	2006.03562919515	2005.87599130121	26.8205770889716	1
1,2,3-Benzotriazole	DTXSID6020147	All Data	0	1	All Concs	2.8786613711447	0.878661371147381	0	0	4.87866137117197	1
Sodium dehydroacetate	DTXSID7026029	All Data	0	1	All Concs	-2.39028074176193	-4.39028074071859	0	0	-0.390280740548143	1
4-Chloro-1,2-diaminobenzene	DTXSID5020283	All Data	11.4	1.38e-31	All Concs	140.046907320997	211.101667904369	22.4334895956534	11.321345165715	135.600609394674	0.0117218820140393
Corticosterone	DTXSID6022474	All Data	6.75	4.35e-34	All Concs	-69.1706159209	7.64701711067009	7.04960329692789	6.81030658349612	-67.4814275497905	1
1-Dodecyl-2-pyrrolidinone	DTXSID4042206	All Data	38	6.72e-07	All Concs	695.334864070588	709.547831247386	38.5034494875999	37.208018249908	697.331526518976	1
4-Pentylanulline	DTXSID0040707	All Data	9.84	3.28e-17	All Concs	190.048880209965	228.005554886254	12.8094240200276	10.056096194822	191.471093554124	1
Methyl 2-aminobenzoate	DTXSID6025567	All Data	243	1.25e-242	All Concs	297.908250331983	854.907685157958	266.893399810288	242.830425212762	299.722892779313	1
Indomethacin	DTXSID9020740	All Data	6.69	1.94e-06	All Concs	157.411605074553	170.563626632683	8.41704703496751	7.89008088327097	52.3383767142737	2.32957516293004e-46
Econazole nitrate	DTXSID6025226	All Data	0	1	All Concs	70.6988177382498	68.698817738223	0	0	72.6988177382184	1
Trelanserin	DTXSID2047355	All Data	7.93	4.4e-29	All Concs	235.297659736099	300.591733744947	13.0452756927232	7.70963033524003	237.310852550688	1
Caprolactam	DTXSID4020240	All Data	0.727	0.0913	All Concs	67.2780192559896	69.6720661999227	0	0	73.6720661998642	1
Triethylene glycol diacetate	DTXSID3026223	All Data	285	1.54e-91	All Concs	65.7632978002561	274.869914042935	285.017280658773	285.017280658773	67.7632978338466	1
Diisobutyl adipate	DTXSID9036690	All Data	2010	1.46e-71	All Concs	53.0587332941243	216.164768346184	1599.75435923991	1599.75127843423	55.0586591575354	1
Dipentyl phthalate	DTXSID5031131	All Data	214	7.86e-57	All Concs	-73.7070129355505	55.4782609462604	490.195588337791	212.621149844549	-72.2825906993237	1
Cytarabine hydrochloride	DTXSID5024891	All Data	10.6	2.8e-19	All Concs	-150.825091590696	-108.105012230397	14.0071143178722	10.5536483747112	-149.700958125369	1
Allura Red C.I.16035	DTXSID4024436	All Data	0	1	All Concs	2.34679448773158	0.346794502882922	0	0	4.34679450332487	1
Bromocriptine mesylate	DTXSID6020197	All Data	69.5	1.72e-60	All Concs	-46.0489679968462	91.5653671420741	292.006848782373	68.7701328870678	-56.5376325901164	2.78503620055861e-05
Diethylene glycol dibenzoate	DTXSID0026967	All Data	1660	3.4e-66	All Concs	-33.2975580552164	117.448696914694	1835.54048062561	1835.54044342432	-31.2975406042835	1
Cariporide mesylate	DTXSID3047344	All Data	0	1	All Concs	-25.6526824551058	-27.6526824466052	0	0	-23.6526824536756	1
1-Benzylquinolinium chloride	DTXSID8044593	All Data	10.5	2.79e-21	All Concs	365.817607294814	413.145506567192	0	0	417.145506567197	1
6-Methylquinoline	DTXSID3020887	All Data	40.1	3.18e-47	All Concs	-4.28683697323083	102.776217068767	40.1968532639102	40.1968532639102	-2.28629398029901	1
N-Ethylaniline	DTXSID1025271	All Data	24.7	6.13e-66	All Concs	15.3449599597302	165.50157543522	25.2625805378752	24.6232171260626	17.0416980333559	1
Ilepatril	DTXSID7047356	All Data	6.25	1.13e-20	All Concs	144.702773722009	190.6337936791	6.36837185885584	6.20012661362709	146.767122225875	1
Enadoline	DTXSID4047258	All Data	0	1	All Concs	289.891392700621	287.891392723768	0	0	291.891392700623	1
Besonprodil	DTXSID2047270	All Data	5.59	1.34e-15	All Concs	243.245135474188	277.493437163054	6.03106219213801	5.52058190858665	245.737628547379	1
Elzasonan	DTXSID7047277	All Data	24.4	1.62e-36	All Concs	137.914583987117	220.327543547569	24.3507328331021	24.3507328331021	139.913723876732	1
dl-Norgestrel	DTXSID3047477	All Data	3.75	0.000118	All Concs	95.7067125987262	104.754942223675	3.80893871459971	3.75310489147141	97.6986111734715	1
Surinabant	DTXSID2047357	All Data	4.75	0.000295	All Concs	368.391775799969	376.519787673483	10702.6320413368	0	376.934255489941	1
Ingliforib	DTXSID4047252	All Data	2.98	7.84e-06	All Concs	169.550661966322	181.306740213506	2.98385533869951	2.98385533869951	171.547597261776	1
2,6,10-Trimethyl-2,6,10-triazaundecane	DTXSID1044564	All Data	0	1	All Concs	158.965646146083	156.965646147905	0	0	160.965646146481	1
Chrysin	DTXSID1022396	All Data	50	1.02e-44	All Concs	93.0744556873357	194.364528552097	177.605424482794	49.4419519839872	90.215006257764	0.0573002994328065
Procymidone	DTXSID9033923	All Data	7.35	4.72e-24	All Concs	-13.5014517365895	40.208292805866	7.43313843826746	7.34226666561085	-11.4720128971415	1
Cyproterone acetate	DTXSID5020366	All Data	3.71	3.78e-12	All Concs	42.4577678740512	68.7601167617487	4.05037216892699	3.85907112348343	44.4777386089024	1
5-Amino-2-methylphenol	DTXSID9024489	All Data	17	1.62e-08	All Concs	-80.9476637254075	-63.0099384237353	23.4581301099623	16.860312029617	-78.9833332255192	1
Biochanin A	DTXSID1022394	All Data	31.7	9.83e-47	All Concs	37.2778103443275	143.213563260139	215.964508086641	31.2246767370882	22.2878182473632	3.08979131797787e-07
4,4'-Bipyridine	DTXSID2027200	All Data	0	1	All Concs	0.331273988720071	-1.66872601225686	0	0	2.33127398816846	1
Methenamine	DTXSID6020692	All Data	0	1	All Concs	-193.767999265838	-195.767767462647	0	0	-191.767956469653	1
Nelivaptan	DTXSID7047358	All Data	0.777	1	All Concs	283.531655791417	282.658037644306	0.602022328489796	0.529384151851907	285.744471305923	1
CP-634384	DTXSID7047306	All Data	5.15	1	All Concs	722.611193977966	722.233536927052	16.5045063653314	4.87911435248009	724.487477502614	1
Propyl gallate	DTXSID5021201	All Data	43.7	3.01e-66	All Concs	284.333832746409	435.203432966958	1019.11341057013	43.3639059710285	288.751975666242	1
Tetracycline	DTXSID7023645	All Data	0	1	All Concs	91.1571752583265	89.1571752390824	0	0	93.1571752390198	1
Adriamycin hydrochloride	DTXSID3030636	All Data	0	1	All Concs	0.193006512301707	-1.80699346983663	0	0	2.19300653110943	1
Tolazamide	DTXSID3021358	All Data	0	1	All Concs	595.114094262625	593.114094262623	0	0	597.114094263421	1
4-Hexylanilline	DTXSID5040708	All Data	125	1.7e-09	All Concs	316.508096136753	336.703212869847	203.449959132154	124.255908265629	318.482433379211	1
C.I. Disperse Orange 37	DTXSID9044538	All Data	0	1	All Concs	849.124964568758	847.124964568302	0	0	851.124964568004	1
Lauryl gallate	DTXSID0048189	All Data	0	1	All Concs	87.6718321565218	85.6718321564387	0	0	89.6718321565236	1
4-Hexyloxyanilline	DTXSID4022288	All Data	19.1	1.8e-10	All Concs	51.3348070590676	73.7704667864861	19.3410683845025	19.0711574189929	53.3200622022346	1
Secbumeton	DTXSID8037594	All Data	3.75	0.00586	All Concs	434.538112802269	439.677338129122	0	0	443.677338129127	1
N,N-Dimethyldodecan-1-amine	DTXSID1026906	All Data	36.6	4.06e-26	All Concs	379.619648807261	438.086599626197	36.545138598852	36.545138598852	381.619587617955	1
Dipropyl 2,5-pyridinedicarboxylate	DTXSID8032544	All Data	907	2.99e-40	All Concs	393.80154548171	484.80809862339	913.223372433563	906.212838756524	395.801545396404	1
Triazophos	DTXSID9037612	All Data	2.9	1	All Concs	457.038855259231	456.678101361714	0	0	460.678101361344	1
Metamitron	DTXSID7047568	All Data	0	1	All Concs	292.485935310948	290.485935310988	0	0	294.485935362465	1
Ipconazole	DTXSID7034674	All Data	29	1.23e-27	All Concs	323.896573619749	385.862248635813	47.0758571256956	28.816706625318	325.610153806144	1
Hydroxyflutamide	DTXSID8033562	All Data	0	1	All Concs	461.119010098711	459.119009990979	0	0	463.119009991386	1
Methyl red	DTXSID1042154	All Data	9.5	1e-14	All Concs	417.530571870459	449.762381012639	0	0	453.762381012639	1
N-Benzyladenine	DTXSID7032630	All Data	0	1	All Concs	436.301789370899	434.301789381506	0	0	438.301789370591	1
Monolinuron	DTXSID0037576	All Data	2.21	0.00179	All Concs	390.95633608878	397.283148231906	0.0874909835465248	0.0874909835465248	400.730523765567	1
1,4-Bis(N-isopropylamino)anthraquinone	DTXSID2041250	All Data	0	1	All Concs	601.044750657123	599.044750657163	0	0	603.044750657282	1
Diphenamid	DTXSID8024072	All Data	9.48	1	All Concs	253.191814188728	233.940819112655	9.47644969192702	9.47644969192702	NA	NA
Deethylatrazine	DTXSID5037494	All Data	0	1	All Concs	502.945133500826	500.945133483431	0	0	504.945133482069	1
Isofenphos	DTXSID8032417	All Data	42.1	1.29e-39	All Concs	425.963372111515	515.510558774965	21210.3967549652	47.6700584853146	427.315835472521	1
Melatonin	DTXSID1022421	All Data	0	1	All Concs	428.91950062312	426.919500626023	0	0	430.919500673124	1
Picoxystrobin	DTXSID9047542	All Data	9.76	1.3e-19	All Concs	355.896224681202	399.384769549801	14197.637956808	0	401.53543971785	1
Isoproturon	DTXSID1042077	All Data	0	1	All Concs	235.869214648264	233.869214648264	0	0	NA	NA
Methyl 2,4-dihydroxy-3,6-dimethylbenzoate	DTXSID9041653	All Data	76.3	2.12e-70	All Concs	2.86442016271606	163.293031767803	299.402167124266	75.5833570105085	-15.3571853003751	1.22027382570667e-08
Triethylene glycol dimethyl ether	DTXSID8026224	All Data	0	1	All Concs	198.639534279976	196.638027307039	0	0	200.638027309211	1
Phenobarbital sodium	DTXSID0021123	All Data	0	1	All Concs	-302.223499118578	-304.38281602486	0	0	-300.228900623304	1
Bicalutamide	DTXSID2022678	All Data	0	1	All Concs	286.143756495763	284.143756495776	0	0	288.143756495763	1
2-Mercaptobenzothiazole	DTXSID1020807	All Data	19.8	1.13e-09	All Concs	260.336282123634	280.933926667472	21.2986303045694	19.7642658228382	262.277881454421	1
CP-671305	DTXSID6047282	All Data	5.07	0.0109	All Concs	111.417942397968	115.939775022191	5.24207078991505	5.04230059731828	113.399372169556	1
Dipropyl phthalate	DTXSID5031133	All Data	822	2.65e-52	All Concs	190.634719809487	309.395014852005	849.336364038092	823.032535153925	192.63477881871	1
2,4,6-Tris(allyloxy)-1,3,5-triazine	DTXSID8037754	All Data	6.04	5.1e-18	All Concs	188.224295447009	228.041193122968	6.590179323768	6.01842627381758	189.983644069089	1
4,4'-Methylenebis(2,6-diethylaniline)	DTXSID4048191	All Data	7.93	7.4e-07	All Concs	196.485248566877	210.601309339146	8.00019680934449	7.99883050128947	198.232951236185	1
Triamterene	DTXSID6021373	All Data	0	1	All Concs	439.796414345496	437.796414345605	0	0	441.796414345493	1
Loratadine	DTXSID2023224	All Data	26.6	7.5e-32	All Concs	183.331740343681	254.998968413897	26.635398554782	26.6235843163499	185.331783913345	1
Sulfathiazole	DTXSID8026068	All Data	0	1	All Concs	-26.977375279745	-28.9773752622651	0	0	-24.977375337147	1
Tetrahydrocurcumin	DTXSID30865801	All Data	61.2	1.95e-31	All Concs	84.9690197681643	155.68298808717	157.480882949361	60.6355999952743	86.4951019220434	1
(6)-Gingerol	DTXSID3041035	All Data	49	3.38e-09	All Concs	-90.2593207582996	-70.7553371096367	48.9409192478551	48.9409192478551	-88.2593342609355	1
Fabesetron hydrochloride	DTXSID7048168	All Data	3.03	4.12e-10	All Concs	-105.869654781702	-84.2604868700901	3.06937958244986	3.00494046383102	-103.9020980315	1
Phenylparaben	DTXSID4047882	All Data	1890	2.77e-108	All Concs	-6.95555314813717	240.70604876459	1435.51984044149	1435.51960151046	-4.95559578357189	1
Sodium 4-nitrophenolate	DTXSID3027320	All Data	18	3.17e-48	All Concs	26.1272480754014	135.496636186196	19.3673551808704	18.1887094498871	27.8309813732676	1
all-trans-Retinoic acid	DTXSID7021239	All Data	981	1	All Concs	-140.112082780584	-235.341432275017	944.033920414967	941.591649701055	-138.117613472656	1
Epoxiconazole	DTXSID1040372	All Data	0	1	All Concs	549.468267121352	547.468266866975	0	0	551.468266867987	1
4-Nitroaniline	DTXSID8020961	All Data	10.3	8.01e-26	All Concs	-48.4973745221309	9.28920292608728	10.4664530092088	10.3754726441803	-46.5361720765085	1
CP-544439	DTXSID8047266	All Data	0	1	All Concs	-25.6258213945397	-27.6258214671821	0	0	-23.6258214388537	1
Cymoxanil	DTXSID6032358	All Data	24.1	4.68e-22	All Concs	-22.3953776752278	26.7188758846234	24.1388352943957	24.1388352943957	NA	NA
Tembotrione	DTXSID5047037	All Data	0	1	All Concs	-10.7766940844629	-12.7766940893933	0	0	-8.77669406274837	1
Zearalenone	DTXSID0021460	All Data	70.9	9.55e-47	All Concs	66.5347747218046	172.499879090897	241.260845362989	70.2269150372207	65.1816726420691	0.258437322719321
Triclopyr butotyl	DTXSID5032579	All Data	1780	2.29e-83	All Concs	-143.46901406552	46.8155859329539	908.250356802715	904.125805110569	-141.471928070344	1
Benzylparaben	DTXSID9022526	All Data	1800	3.86e-78	All Concs	-47.5748953136396	130.675071440869	1957.13280312323	1957.09551939025	-45.5741443460804	1
Hexachlorophene	DTXSID6020690	All Data	0	1	All Concs	61.2631004756666	59.2631004732288	0	0	63.2631004728452	1
Bisdemethoxycurcumin	DTXSID00872663	All Data	9.09	1	All Concs	298.308628147893	296.984276105804	10.0585922055928	9.08217474191049	300.29993869989	1
4-(2-Phenylpropan-2-yl)-N-[4-(2-phenylpropan-2-yl)phenyl]aniline	DTXSID0027721	All Data	0.698	1	All Concs	26.7595593375006	24.8260165410853	1.49005967746717	1.3783034772636	28.7332468319603	1
Nordihydroguaiaretic acid	DTXSID5022437	All Data	101	4.86e-62	All Concs	9.85361324717748	151.032647160604	529.121777082942	99.867710863871	3.61390321319742	0.00195042099667067
Sodium tridecyl sulfate	DTXSID4042418	All Data	14.1	8.11e-10	All Concs	203.087509629721	224.020243339399	14.4073454960732	14.4073454960732	205.362009099936	1
Carminic acid	DTXSID9022817	All Data	980	1	All Concs	-180.08173419412	-210.274605554374	935.514367292819	932.492689226614	-178.092518458786	1
Naphthalen-2-yl 2-aminobenzoate	DTXSID7047697	All Data	2210	5.52e-65	All Concs	1.9465139664574	149.906894032672	2145.82580207151	2145.79389134658	3.94651253403702	1
N,N,N',N'-Tetrakis(2-Hydroxypropyl)ethylenediamine	DTXSID9026689	All Data	8.69	0.369	All Concs	146.704398409266	147.700173219437	8.77292437014073	8.68532833466574	148.707459604859	1
3-Methylanulline	DTXSID1026792	All Data	989	1	All Concs	-127.497942677087	-199.130365641749	951.795849206082	950.847139975104	-125.503997851422	1
Sucrose octaacetate	DTXSID3042423	All Data	194	6.61e-87	All Concs	-224.981284632131	-26.5455755786164	243.243509075196	193.332885526668	-223.666780611182	1
Octabenzone	DTXSID9027441	All Data	1040	1	All Concs	-277.412822570124	-298.619574002123	1002.08721230475	1001.51616994195	-275.415605815684	1
Clorophene	DTXSID5020154	All Data	15.3	1	All Concs	134.484256867838	133.824415929712	15.2527136383047	15.2527136383047	136.484255409736	1
PharmaGSID_48510	DTXSID9048510	All Data	3.83	6.34e-27	All Concs	174.417371052315	234.740775164793	3.83881431822706	3.83879927862846	176.432240195564	1
PharmaGSID_48505	DTXSID0048505	All Data	1.92	0.000646	All Concs	107.933700070554	115.27906529399	2.06397255501434	2.03318400825082	109.860978340285	1
2-Methylaniline	DTXSID1026164	All Data	4.27	8.99e-08	All Concs	31.5184148289558	47.7430383317564	4.37207273700235	4.36540369702186	33.5424934826878	1
Michler's ketone	DTXSID2020894	All Data	18.3	1.02e-16	All Concs	353.954792635178	390.778454489857	19.0845894157762	18.3283355768248	355.901690721322	1
C.I. Solvent Orange 7	DTXSID5040706	All Data	0	1	All Concs	12.2848560904411	10.2848560953122	0	0	14.2848560946165	1
Azobenzene	DTXSID8020123	All Data	1040	1	All Concs	-23.5264852582626	-25.3220469551955	1025.05740006176	1022.85996343707	-21.5265110654239	1
1,2-Diphenylhydrazine	DTXSID7020710	All Data	989	1	All Concs	88.3026599293202	86.0402319991658	21.275967420376	21.275967420376	89.97851339534	1
Quizalofop-ethyl	DTXSID9023889	All Data	149	1	All Concs	428.351543882757	427.858027000714	148.902078274733	148.902078274733	430.351543903759	1
2,4,5-Trichlorophenoxyacetic acid	DTXSID5021388	All Data	0	1	All Concs	-110.882832987156	-112.882833159307	0	0	-108.88283437172	1
3,5-Dichlorosalicyl-3,4-dichloroanullide	DTXSID4040767	All Data	-2.78e-14	1	All Concs	392.808639223591	390.808639243104	0	0	394.808639223596	1
Propachlor	DTXSID4024274	All Data	97.1	3.83e-08	All Concs	123.237517423919	140.314729038836	97.1277888917338	97.1277888917338	125.237517184973	1
Clomipramine hydrochloride	DTXSID3042633	All Data	6.34	0.879	All Concs	925.377502582323	925.506473599837	6.32795203581524	6.32795203581524	927.377344724489	1
Haloxyfop-methyl	DTXSID6024123	All Data	596	1.43e-30	All Concs	451.873186777994	520.592403059901	596.031188592906	596.031188592906	453.873186777883	1
Benomyl	DTXSID5023900	All Data	30.9	4.67e-10	All Concs	342.474853611426	363.958894703563	30.9788227061531	30.9788227061531	344.474944444665	1
Propanull	DTXSID8022111	All Data	15.1	0.000593	All Concs	343.17881870741	350.608953493473	15.1005111161101	15.1005111161101	345.178820765424	1
Phosalone	DTXSID1024259	All Data	29.8	1.19e-09	All Concs	371.856187129874	392.404796792871	29.9340798077985	29.9340798077985	373.860017360525	1
C.I. Solvent Red 49	DTXSID3041744	All Data	17.5	4.24e-05	All Concs	1083.87188776347	1093.93977999799	0	0	1097.93977999798	1
Oxadiazon	DTXSID3024239	All Data	6.03	1	All Concs	304.910369165624	304.812288175414	6.00911321485263	6.00911321485263	306.910087178658	1
Paraoxon	DTXSID6024046	All Data	3.65	1	All Concs	577.866788258146	576.559455775429	3.645973845286	3.645973845286	579.866775718037	1
Aldoxycarb	DTXSID6023862	All Data	0	1	All Concs	48.4416402736715	46.4416402740251	0	0	50.4416402739928	1
Sulfotepp	DTXSID7024328	All Data	57.5	1.45e-82	All Concs	138.01503167956	326.454147916823	57.4822871463498	57.4822871463498	140.014974907495	1
Amitraz	DTXSID5023871	All Data	50.1	1.08e-39	All Concs	97.2857298953846	187.011160585824	50.1539383121235	50.1539383121235	99.28578481467	1
Prometon	DTXSID6022341	All Data	1.63	2.72e-10	All Concs	445.491121031501	467.516198657853	1.93353694582799	1.87007964310924	447.176014280578	1
2',4',5',7'-Tetrabromofluorescein	DTXSID3044590	All Data	0	1	All Concs	-122.27146705787	-124.271466957245	0	0	-120.27146695899	1
Malathion	DTXSID4020791	All Data	1030	1.93e-31	All Concs	-179.823830408402	-109.100967350683	1045.2191089955	1037.70872594338	-177.761780187084	1
p,p'-DDE	DTXSID9020374	All Data	997	1	All Concs	-59.3534331447501	-64.3822474020191	997.960713728629	991.709288046305	-57.3533682936069	1
Cotinine	DTXSID1047576	All Data	1010	1	All Concs	-242.623496284668	-309.76751317099	998.1261411446	994.585154688157	-240.624355110121	1
Dapsone	DTXSID4020371	All Data	2.5	0.000166	All Concs	18.6744898840949	27.3803711924519	1.60520601001307	1.59000508351835	14.3791909513068	0.0136324958881109
PD-0333941	DTXSID2047307	All Data	2.94	2.05e-20	All Concs	211.557067521421	256.889195447086	4.32393264469052	2.79580681661115	214.86214591391	1
Clofentezine	DTXSID9023881	All Data	0	1	All Concs	170.296277975922	168.29627797593	0	0	172.296277975926	1
Sodium chlorite	DTXSID8021272	All Data	0	1	All Concs	311.648232500927	309.64823250057	0	0	313.64823250164	1
2,4-Diaminotoluene	DTXSID4020402	All Data	5.97	1	All Concs	325.359042193356	324.713353162263	6.25675449026238	6.25675449026238	327.380694721914	1
1,3-Benzenediamine	DTXSID4021137	All Data	0	1	All Concs	326.03151971919	324.031519719293	0	0	328.031519719267	1
2-Chloroacetophenone	DTXSID9020293	All Data	0	1	All Concs	581.130980781049	579.13098078104	0	0	583.130980781057	1
Nicotinic acid	DTXSID1020932	All Data	3.58	1.49e-07	All Concs	-184.289031346627	-168.568410508515	4.66134120478062	3.41543458242289	-181.141745673935	1
2',3'-Dideoxyinosine	DTXSID6022927	All Data	0	1	All Concs	-191.246782484907	-193.24670654032	0	0	-189.246433455492	1
